Module,Phase,Template / Form Step,Card / Section,Field ID,Field Label,Widget Type,Data Type,Required,Validation Rules,Options / Values (Enum),Default Value,Conditional Display,Placeholder / Hint,Database Table,Database Column,API Field Path,Min Length,Max Length,Min Value,Max Value,Notes,,
Case Management,Draft,Step 1: Personal Information,Personal Details,first-name,First Name,TextInput,string,Yes,alphabetic characters; spaces; hyphens only,,,,Enter your legal first name,applications,,applicantInfo.firstName,1,50,,,FR-CM-015,,
Case Management,Draft,Step 1: Personal Information,Personal Details,middle-initial,Middle Initial,TextInput,string,No,single alphabetic character,,,,M,applications,,applicantInfo.middleInitial,,1,,,FR-CM-015,,
Case Management,Draft,Step 1: Personal Information,Personal Details,last-name,Last Name,TextInput,string,Yes,alphabetic characters; spaces; hyphens only,,,,Enter your legal last name,applications,,applicantInfo.lastName,1,50,,,FR-CM-015,,
Case Management,Draft,Step 1: Personal Information,Personal Details,date-of-birth,Date of Birth,DatePicker,date,Yes,must be 18+ years from current date,,,,MM/DD/YYYY,applications,,applicantInfo.dateOfBirth,,,,,FR-CM-015; age validation per BR-CM-008,,
Case Management,Draft,Step 1: Personal Information,Personal Details,ssn,Social Security Number,TextInput,string,Yes,format XXX-XX-XXXX; 9 digits,,,,XXX-XX-XXXX,applications,,applicantInfo.ssn,9,9,,,FR-CM-015; masked input; PII field,,
Case Management,Draft,Step 1: Personal Information,Personal Details,gender,Gender,Select,string,No,,"Male,Female,Other,Prefer not to say",,,Select gender (optional),applications,,applicantInfo.gender,,,,,FR-CM-015,,
Case Management,Draft,Step 1: Personal Information,Personal Details,primary-language,Primary Language,Select,string,Yes,,"English,Spanish,Other",,,Select your primary language,applications,,applicantInfo.primaryLanguage,,,,,FR-CM-015,,
Case Management,Draft,Step 1: Personal Information,Personal Details,marital-status,Marital Status,Select,string,Yes,,"Single,Married,Divorced,Widowed",,,Select marital status,applications,,applicantInfo.maritalStatus,,,,,FR-CM-015,,
Case Management,Draft,Step 2: Contact Information,Address,street-address,Street Address,TextInput,string,Yes,,,,,123 Main Street,applications,,applicantInfo.address.street,1,100,,,FR-CM-016,,
Case Management,Draft,Step 2: Contact Information,Address,apartment-unit,Apartment/Unit,TextInput,string,No,,,,,Apt 4B,applications,,applicantInfo.address.apartment,,20,,,FR-CM-016,,
Case Management,Draft,Step 2: Contact Information,Address,city,City,TextInput,string,Yes,alphabetic characters; spaces only,,,,City name,applications,,applicantInfo.address.city,1,50,,,FR-CM-016,,
Case Management,Draft,Step 2: Contact Information,Address,state,State,Select,string,Yes,locked to program state,[Program State Value],[Program State Value],,,applications,,applicantInfo.address.state,,,,,FR-CM-016; state locked per residency requirement,,
Case Management,Draft,Step 2: Contact Information,Address,zip-code,ZIP Code,TextInput,string,Yes,5 numeric digits,,,,12345,applications,,applicantInfo.address.zipCode,5,5,,,FR-CM-016,,
Case Management,Draft,Step 2: Contact Information,Address,county,County,Select,string,Yes,auto-populated from ZIP code,[County List],,,County auto-selected,applications,,applicantInfo.address.county,,,,,FR-CM-016; auto-populated based on zip-code,,
Case Management,Draft,Step 2: Contact Information,Phone & Email,phone-number,Phone Number,TelInput,string,Yes,10 numeric digits,,,,(555) 123-4567,applications,,applicantInfo.phone,10,10,,,FR-CM-016,,
Case Management,Draft,Step 2: Contact Information,Phone & Email,alternate-phone,Alternate Phone,TelInput,string,No,10 numeric digits if provided,,,,(555) 987-6543,applications,,applicantInfo.alternatePhone,10,10,,,FR-CM-016,,
Case Management,Draft,Step 2: Contact Information,Phone & Email,email,Email Address,EmailInput,string,Yes,valid email format,,[Pre-populated from account],,email@example.com,applications,,applicantInfo.email,,,,,FR-CM-016; pre-populated from user account,,
Case Management,Draft,Step 2: Contact Information,Communication Preferences,preferred-contact-method,Preferred Contact Method,Select,string,Yes,,"Email,Phone,SMS",,,How should we contact you?,applications,,applicantInfo.preferredContactMethod,,,,,FR-CM-016,,
Case Management,Draft,Step 3: Household Information,Household Composition,household-size,Household Size,TextInput,integer,Yes,numeric; range 1-20,,,,Total people in household,applications,,householdInfo.householdSize,,,1,20,FR-CM-017,,
Case Management,Draft,Step 3: Household Information,Household Composition,number-of-dependents,Number of Dependents,TextInput,integer,Yes,numeric; must be less than household-size,,,,Number of dependents,applications,,householdInfo.numberOfDependents,,,0,19,FR-CM-017; cross-field validation with household-size,,
Case Management,Draft,Step 3: Household Information,Income Information,monthly-household-income,Monthly Household Income,TextInput,decimal,Yes,currency format; range $0-$50000,,,,$0.00 ,applications,,householdInfo.monthlyIncome,,,0,50000,FR-CM-017,,
Case Management,Draft,Step 3: Household Information,Income Information,income-frequency,Income Frequency,Select,string,Yes,,"Weekly,Bi-weekly,Monthly,Annual",,,How often is income received?,applications,,householdInfo.incomeFrequency,,,,,FR-CM-017,,
Case Management,Draft,Step 3: Household Information,Income Information,primary-income-source,Primary Income Source,Select,string,Yes,,"Employment,Self-Employment,Unemployment Benefits,Social Security,Child Support,Other",,,Primary source of income,applications,,householdInfo.primaryIncomeSource,,,,,FR-CM-017,,
Case Management,Draft,Step 4: Employment Information,Employment Status,employment-status,Employment Status,Select,string,Yes,,"Full-Time,Part-Time,Self-Employed,Student/Training,Unemployed",,,Current employment status,applications,,employmentInfo.status,,,,,FR-CM-018,,
Case Management,Draft,Step 4: Employment Information,Employer Details,employer-name,Employer Name,TextInput,string,Yes,,,,,employment-status IN (Full-Time; Part-Time),Name of employer,applications,,employmentInfo.employerName,1,100,,,FR-CM-018; conditional on employment status,
Case Management,Draft,Step 4: Employment Information,Employer Details,employer-street-address,Employer Street Address,TextInput,string,Yes,,,,,employment-status IN (Full-Time; Part-Time),Employer street address,applications,,employmentInfo.employerAddress.street,1,100,,,FR-CM-018; conditional on employment status,
Case Management,Draft,Step 4: Employment Information,Employer Details,employer-city,Employer City,TextInput,string,Yes,,,,,employment-status IN (Full-Time; Part-Time),Employer city,applications,,employmentInfo.employerAddress.city,1,50,,,FR-CM-018; conditional on employment status,
Case Management,Draft,Step 4: Employment Information,Employer Details,employer-state,Employer State,Select,string,Yes,,[State List],,,employment-status IN (Full-Time; Part-Time),,applications,,employmentInfo.employerAddress.state,,,,,FR-CM-018; conditional on employment status,
Case Management,Draft,Step 4: Employment Information,Employer Details,employer-zip,Employer ZIP Code,TextInput,string,Yes,5 numeric digits,,,,employment-status IN (Full-Time; Part-Time),12345,applications,,employmentInfo.employerAddress.zipCode,5,5,,,FR-CM-018; conditional on employment status,
Case Management,Draft,Step 4: Employment Information,Employer Details,employer-phone,Employer Phone,TelInput,string,Yes,10 numeric digits,,,,employment-status IN (Full-Time; Part-Time),(555) 000-0000,applications,,employmentInfo.employerPhone,10,10,,,FR-CM-018; conditional on employment status,
Case Management,Draft,Step 4: Employment Information,Employer Details,job-title,Job Title,TextInput,string,Yes,,,,,employment-status IN (Full-Time; Part-Time),Your job title,applications,,employmentInfo.jobTitle,1,50,,,FR-CM-018; conditional on employment status,
Case Management,Draft,Step 4: Employment Information,Work Schedule,hours-per-week,Hours Per Week,TextInput,integer,Yes,numeric; range 1-80; eligibility check >=20,,,,employment-status IN (Full-Time; Part-Time; Self-Employed),Hours worked per week,applications,,employmentInfo.hoursPerWeek,,,1,80,FR-CM-018; FR-CM-023 eligibility validation,
Case Management,Draft,Step 4: Employment Information,Work Schedule,employment-start-date,Employment Start Date,DatePicker,date,Yes,must be past or current date,,,,employment-status IN (Full-Time; Part-Time),MM/DD/YYYY,applications,,employmentInfo.startDate,,,,,FR-CM-018; conditional on employment status,
Case Management,Draft,Step 4: Employment Information,Income,gross-monthly-income,Gross Monthly Income,TextInput,decimal,Yes,currency format,,,,$0.00 ,applications,,employmentInfo.grossMonthlyIncome,,,0,,FR-CM-018,,
Case Management,Draft,Step 4: Employment Information,Work Schedule,work-schedule-monday,Monday Work Hours,Checkbox,boolean,No,,,FALSE,,,applications,,employmentInfo.schedule.monday.enabled,,,,,FR-CM-018; work schedule capture,,
Case Management,Draft,Step 4: Employment Information,Work Schedule,work-schedule-monday-start,Monday Start Time,Select,string,No,,[Time options 00:00-23:30],,,work-schedule-monday = true,Start time,applications,,employmentInfo.schedule.monday.startTime,,,,,FR-CM-018; conditional on monday enabled,
Case Management,Draft,Step 4: Employment Information,Work Schedule,work-schedule-monday-end,Monday End Time,Select,string,No,must be after start time,[Time options 00:00-23:30],,,work-schedule-monday = true,End time,applications,,employmentInfo.schedule.monday.endTime,,,,,FR-CM-018; conditional on monday enabled,
Case Management,Draft,Step 4: Employment Information,Work Schedule,work-schedule-tuesday,Tuesday Work Hours,Checkbox,boolean,No,,,FALSE,,,applications,,employmentInfo.schedule.tuesday.enabled,,,,,FR-CM-018; work schedule capture,,
Case Management,Draft,Step 4: Employment Information,Work Schedule,work-schedule-tuesday-start,Tuesday Start Time,Select,string,No,,[Time options 00:00-23:30],,,work-schedule-tuesday = true,Start time,applications,,employmentInfo.schedule.tuesday.startTime,,,,,FR-CM-018; conditional on tuesday enabled,
Case Management,Draft,Step 4: Employment Information,Work Schedule,work-schedule-tuesday-end,Tuesday End Time,Select,string,No,must be after start time,[Time options 00:00-23:30],,,work-schedule-tuesday = true,End time,applications,,employmentInfo.schedule.tuesday.endTime,,,,,FR-CM-018; conditional on tuesday enabled,
Case Management,Draft,Step 4: Employment Information,Work Schedule,work-schedule-wednesday,Wednesday Work Hours,Checkbox,boolean,No,,,FALSE,,,applications,,employmentInfo.schedule.wednesday.enabled,,,,,FR-CM-018; work schedule capture,,
Case Management,Draft,Step 4: Employment Information,Work Schedule,work-schedule-wednesday-start,Wednesday Start Time,Select,string,No,,[Time options 00:00-23:30],,,work-schedule-wednesday = true,Start time,applications,,employmentInfo.schedule.wednesday.startTime,,,,,FR-CM-018; conditional on wednesday enabled,
Case Management,Draft,Step 4: Employment Information,Work Schedule,work-schedule-wednesday-end,Wednesday End Time,Select,string,No,must be after start time,[Time options 00:00-23:30],,,work-schedule-wednesday = true,End time,applications,,employmentInfo.schedule.wednesday.endTime,,,,,FR-CM-018; conditional on wednesday enabled,
Case Management,Draft,Step 4: Employment Information,Work Schedule,work-schedule-thursday,Thursday Work Hours,Checkbox,boolean,No,,,FALSE,,,applications,,employmentInfo.schedule.thursday.enabled,,,,,FR-CM-018; work schedule capture,,
Case Management,Draft,Step 4: Employment Information,Work Schedule,work-schedule-thursday-start,Thursday Start Time,Select,string,No,,[Time options 00:00-23:30],,,work-schedule-thursday = true,Start time,applications,,employmentInfo.schedule.thursday.startTime,,,,,FR-CM-018; conditional on thursday enabled,
Case Management,Draft,Step 4: Employment Information,Work Schedule,work-schedule-thursday-end,Thursday End Time,Select,string,No,must be after start time,[Time options 00:00-23:30],,,work-schedule-thursday = true,End time,applications,,employmentInfo.schedule.thursday.endTime,,,,,FR-CM-018; conditional on thursday enabled,
Case Management,Draft,Step 4: Employment Information,Work Schedule,work-schedule-friday,Friday Work Hours,Checkbox,boolean,No,,,FALSE,,,applications,,employmentInfo.schedule.friday.enabled,,,,,FR-CM-018; work schedule capture,,
Case Management,Draft,Step 4: Employment Information,Work Schedule,work-schedule-friday-start,Friday Start Time,Select,string,No,,[Time options 00:00-23:30],,,work-schedule-friday = true,Start time,applications,,employmentInfo.schedule.friday.startTime,,,,,FR-CM-018; conditional on friday enabled,
Case Management,Draft,Step 4: Employment Information,Work Schedule,work-schedule-friday-end,Friday End Time,Select,string,No,must be after start time,[Time options 00:00-23:30],,,work-schedule-friday = true,End time,applications,,employmentInfo.schedule.friday.endTime,,,,,FR-CM-018; conditional on friday enabled,
Case Management,Draft,Step 4: Employment Information,Work Schedule,work-schedule-saturday,Saturday Work Hours,Checkbox,boolean,No,,,FALSE,,,applications,,employmentInfo.schedule.saturday.enabled,,,,,FR-CM-018; work schedule capture,,
Case Management,Draft,Step 4: Employment Information,Work Schedule,work-schedule-saturday-start,Saturday Start Time,Select,string,No,,[Time options 00:00-23:30],,,work-schedule-saturday = true,Start time,applications,,employmentInfo.schedule.saturday.startTime,,,,,FR-CM-018; conditional on saturday enabled,
Case Management,Draft,Step 4: Employment Information,Work Schedule,work-schedule-saturday-end,Saturday End Time,Select,string,No,must be after start time,[Time options 00:00-23:30],,,work-schedule-saturday = true,End time,applications,,employmentInfo.schedule.saturday.endTime,,,,,FR-CM-018; conditional on saturday enabled,
Case Management,Draft,Step 4: Employment Information,Work Schedule,work-schedule-sunday,Sunday Work Hours,Checkbox,boolean,No,,,FALSE,,,applications,,employmentInfo.schedule.sunday.enabled,,,,,FR-CM-018; work schedule capture,,
Case Management,Draft,Step 4: Employment Information,Work Schedule,work-schedule-sunday-start,Sunday Start Time,Select,string,No,,[Time options 00:00-23:30],,,work-schedule-sunday = true,Start time,applications,,employmentInfo.schedule.sunday.startTime,,,,,FR-CM-018; conditional on sunday enabled,
Case Management,Draft,Step 4: Employment Information,Work Schedule,work-schedule-sunday-end,Sunday End Time,Select,string,No,must be after start time,[Time options 00:00-23:30],,,work-schedule-sunday = true,End time,applications,,employmentInfo.schedule.sunday.endTime,,,,,FR-CM-018; conditional on sunday enabled,
Case Management,Draft,Step 5: Child Information,Child Details (Repeatable),child-first-name,Child First Name,TextInput,string,Yes,alphabetic characters; spaces; hyphens only,,,,Child's legal first name,application_children,first_name,children[].firstName,1,50,,,FR-CM-019; repeatable for 1-4 children,,
Case Management,Draft,Step 5: Child Information,Child Details (Repeatable),child-middle-initial,Child Middle Initial,TextInput,string,No,single alphabetic character,,,,M,application_children,middle_initial,children[].middleInitial,,1,,,FR-CM-019,,
Case Management,Draft,Step 5: Child Information,Child Details (Repeatable),child-last-name,Child Last Name,TextInput,string,Yes,alphabetic characters; spaces; hyphens only,,,,Child's legal last name,application_children,last_name,children[].lastName,1,50,,,FR-CM-019,,
Case Management,Draft,Step 5: Child Information,Child Details (Repeatable),child-date-of-birth,Child Date of Birth,DatePicker,date,Yes,age 0-13 years OR 0-18 if special-needs = true,,,,MM/DD/YYYY,application_children,date_of_birth,children[].dateOfBirth,,,,,FR-CM-019; FR-CM-025 eligibility validation,,
Case Management,Draft,Step 5: Child Information,Child Details (Repeatable),child-gender,Child Gender,Select,string,No,,"Male,Female,Other,Prefer not to say",,,Select gender (optional),application_children,gender,children[].gender,,,,,FR-CM-019,,
Case Management,Draft,Step 5: Child Information,Child Details (Repeatable),child-ssn,Child Social Security Number,TextInput,string,Yes,format XXX-XX-XXXX; 9 digits; unique per application,,,,XXX-XX-XXXX,application_children,ssn,children[].ssn,9,9,,,FR-CM-019; BR-CM-007 unique per application; PII field,,
Case Management,Draft,Step 5: Child Information,Child Details (Repeatable),child-relationship,Relationship to Applicant,Select,string,Yes,,"Child,Stepchild,Grandchild,Foster Child,Legal Ward,Other",,,Relationship to you,application_children,relationship,children[].relationship,,,,,FR-CM-019,,
Case Management,Draft,Step 5: Child Information,Child Details (Repeatable),child-special-needs,Special Needs,Checkbox,boolean,No,,,FALSE,,Does child have special needs?,application_children,special_needs,children[].specialNeeds,,,,,FR-CM-019,,
Case Management,Draft,Step 5: Child Information,Child Details (Repeatable),child-special-needs-description,Special Needs Description,TextArea,string,Yes,,,,,child-special-needs = true,Describe special needs,application_children,special_needs_description,children[].specialNeedsDescription,1,500,,,FR-CM-019; conditional on special-needs,
Case Management,Draft,Step 5: Child Information,Child Details (Repeatable),child-care-needed,Child Care Type Needed,Checkbox,string[],Yes,at least one selection required,"Full-Time,Part-Time,Before School,After School,Weekends",,,Select all that apply,application_children,care_type,children[].careNeeded,,,,,FR-CM-019; multi-select checkbox group,,
Case Management,Draft,Step 5: Child Information,Child Details (Repeatable),child-preferred-start-date,Preferred Start Date,DatePicker,date,Yes,must be future date,,,,MM/DD/YYYY,application_children,preferred_start_date,children[].preferredStartDate,,,,,FR-CM-019; BR-CM-010 must be future,,
Case Management,Draft,Step 6: Provider Selection,Provider Search,provider-search-name,Search by Provider Name,TextInput,string,No,,,,,Provider name,,,,,,,,FR-CM-020; search filter field; not persisted,,
Case Management,Draft,Step 6: Provider Selection,Provider Search,provider-search-county,Filter by County,Select,string,No,,[County List],,,All Counties,,,,,,,,FR-CM-020; search filter field; not persisted,,
Case Management,Draft,Step 6: Provider Selection,Provider Search,provider-search-type,Filter by Provider Type,Select,string,No,,"All Types,Childcare Center,Licensed Home Daycare",All Types,,,,,,,,,,FR-CM-020; search filter field; not persisted,,
Case Management,Draft,Step 6: Provider Selection,Provider Search,provider-search-zip,Filter by ZIP Code,TextInput,string,No,5 numeric digits,,,,ZIP Code,,,,,,,,FR-CM-020; search filter field; not persisted,,
Case Management,Draft,Step 6: Provider Selection,Selected Provider,selected-provider-id,Selected Provider,Radio,uuid,Yes,must select one active provider,[Provider List from Search Results],,,Select your childcare provider,applications,provider_id,providerSelection.providerId,,,,,FR-CM-020; FR-PM-014 active providers only,,
Case Management,Draft,Step 7: Document Upload,Document Checklist,document-income-proof,Proof of Income,FileUpload,file,Yes,PDF; JPG; JPEG; PNG; max 10MB,,,,Pay stubs; tax returns; etc.,documents,,,,,,,FR-CM-020; links to Document Management module,,
Case Management,Draft,Step 7: Document Upload,Document Checklist,document-employment-verification,Employment Verification,FileUpload,file,Yes,PDF; JPG; JPEG; PNG; max 10MB,,,,employment-status IN (Full-Time; Part-Time; Self-Employed),Employer letter; work schedule,documents,,,,,,,FR-CM-020; conditional on employment status,
Case Management,Draft,Step 7: Document Upload,Document Checklist,document-identity,Identity Document,FileUpload,file,Yes,PDF; JPG; JPEG; PNG; max 10MB,,,,Driver's license or State ID,documents,,,,,,,FR-CM-020; links to Document Management module,,
Case Management,Draft,Step 7: Document Upload,Document Checklist,document-residency-proof,Proof of Residency,FileUpload,file,Yes,PDF; JPG; JPEG; PNG; max 10MB,,,,Utility bill or lease agreement,documents,,,,,,,FR-CM-020; links to Document Management module,,
Case Management,Draft,Step 7: Document Upload,Document Checklist,document-birth-certificate,Child Birth Certificate,FileUpload,file,Yes,PDF; JPG; JPEG; PNG; max 10MB,,,,Per child added,Birth certificate or passport,documents,,,,,,,FR-CM-020; required per child; links to Document Management,
Case Management,Draft,Step 7: Document Upload,Document Checklist,document-immunization,Child Immunization Records,FileUpload,file,Yes,PDF; JPG; JPEG; PNG; max 10MB,,,,Per child added,Immunization records,documents,,,,,,,FR-CM-020; required per child; links to Document Management,
Case Management,Draft,Step 7: Document Upload,Document Checklist,document-special-needs,Special Needs Documentation,FileUpload,file,Yes,PDF; JPG; JPEG; PNG; max 10MB,,,,Any child has special-needs = true,Medical or educational documentation,documents,,,,,,,FR-CM-020; conditional on any child special needs,
Case Management,Draft,Step 8: Certification & Signature,Certifications,certification-accuracy,Accuracy Certification,Checkbox,boolean,Yes,must be checked,,FALSE,,I certify all information is true and accurate,applications,,certifications.accuracy,,,,,FR-CM-012; required certification 1 of 4,,
Case Management,Draft,Step 8: Certification & Signature,Certifications,certification-verification-permission,Verification Permission,Checkbox,boolean,Yes,must be checked,,FALSE,,I give permission to verify information,applications,,certifications.verificationPermission,,,,,FR-CM-012; required certification 2 of 4,,
Case Management,Draft,Step 8: Certification & Signature,Certifications,certification-fraud-understanding,Fraud Understanding,Checkbox,boolean,Yes,must be checked,,FALSE,,I understand penalties for fraud,applications,,certifications.fraudUnderstanding,,,,,FR-CM-012; required certification 3 of 4,,
Case Management,Draft,Step 8: Certification & Signature,Certifications,certification-program-rules,Program Rules Agreement,Checkbox,boolean,Yes,must be checked,,FALSE,,I agree to program rules,applications,,certifications.programRules,,,,,FR-CM-012; required certification 4 of 4,,
Case Management,Draft,Step 8: Certification & Signature,Electronic Signature,electronic-signature,Electronic Signature,TextInput,string,Yes,must match applicant first name + last name,,,,Type your full legal name,applications,signature,signature.fullName,1,100,,,FR-CM-011; signature validation,,
Case Management,Draft,Step 8: Certification & Signature,Electronic Signature,signature-date,Signature Date,DatePicker,date,Yes,auto-populated; current date; read-only,,[Current Date],,,,applications,signature_date,signature.date,,,,,FR-CM-011; auto-populated current date,
Case Management,Submitted,Application Summary,Application Details,application-number,Application Number,TextInput,string,No,read-only; auto-generated,,,,,applications,application_number,applicationNumber,,,,,FR-CM-004; format APP-YYYY-NNNNN; display only,,
Case Management,Submitted,Application Summary,Application Details,application-status,Application Status,TextInput,string,No,read-only,,,,,applications,status,status,,,,,FR-CM-056; display only,,
Case Management,Submitted,Application Summary,Application Details,submission-date,Submission Date,TextInput,string,No,read-only; auto-populated on submission,,,,,applications,submitted_at,submittedAt,,,,,FR-CM-014; display only,,
Case Management,Review,Caseworker Dashboard,Case Filters,cw-filter-status,Filter by Status,Select,string,No,,"All,Submitted,Under Review,Information Requested,Pending Approval",All,,Filter cases by status,,,,,,,,FR-CM-030; dashboard filter,,
Case Management,Review,Caseworker Dashboard,Case Filters,cw-filter-date-from,Submitted From,DatePicker,date,No,,,,,Start date,,,,,,,,FR-CM-030; dashboard filter,,
Case Management,Review,Caseworker Dashboard,Case Filters,cw-filter-date-to,Submitted To,DatePicker,date,No,must be >= from date,,,,,End date,,,,,,,,FR-CM-030; dashboard filter,
Case Management,Review,Caseworker Dashboard,Case Filters,cw-filter-county,Filter by County,Select,string,No,,[County List],All,,Filter by county,,,,,,,,FR-CM-030; dashboard filter,,
Case Management,Review,Case Notes,Add Note,case-note-category,Note Category,Select,string,Yes,,"General,Verification,Communication,Issue,Resolution",,,Select category,case_notes,category,category,,,,,FR-CM-034,,
Case Management,Review,Case Notes,Add Note,case-note-text,Note Text,TextArea,string,Yes,,,,,Enter case note,case_notes,note_text,noteText,1,2000,,,FR-CM-034; FR-CM-033,,
Case Management,Review,Request Information,Request Details,request-info-description,Information Needed,TextArea,string,Yes,,,,,Describe what documents or information is needed,,,,1,1000,,,FR-CM-036,,
Case Management,Review,Document Verification,Verification Action,doc-verification-status,Verification Status,Select,string,Yes,,"Verified,Rejected",,,Select verification status,documents,verification_status,verificationStatus,,,,,FR-CM-028; FR-CM-029,,
Case Management,Review,Document Verification,Verification Action,doc-verification-notes,Verification Notes,TextArea,string,No,required if status = Rejected,,,,Reason for rejection if applicable,documents,verification_notes,verificationNotes,,500,,,FR-CM-030; FR-CM-031,,
Case Management,Approval,Supervisor Review,Recommendation,approval-decision,Approval Decision,Select,string,Yes,,"Approve,Reject,Return for Review",,,Select decision,applications,,,,,,,,FR-CM-051; FR-CM-053; FR-CM-055,
Case Management,Approval,Supervisor Review,Recommendation,approval-notes,Approval Notes,TextArea,string,Yes,,,,,Provide notes for this decision,applications,approval_notes,approvalNotes,1,2000,,,FR-CM-052,,
Case Management,Approval,Supervisor Review,Rejection,rejection-reason-code,Rejection Reason,Select,string,Yes,required if decision = Reject,"Income Over Limit,Employment Insufficient,Missing Documents,Residency Invalid,Child Age Ineligible,Provider Invalid,Duplicate Application,Fraud Suspected,Withdrawn,Other",,,,approval-decision = Reject,Select rejection reason,applications,rejection_reason,rejectionReason,,,,,FR-CM-054
Case Management,Approval,Case Assignment,Assignment,assign-caseworker,Assign to Caseworker,Select,string,Yes,,[Caseworker List with Caseload Count],,,Select caseworker,applications,assigned_caseworker_id,assignedCaseworkerId,,,,,FR-CM-042; FR-CM-047,,
Document Management,Upload,Document Upload,File Selection,doc-upload-file,Select File,FileUpload,file,Yes,PDF; JPG; JPEG; PNG only; max 10MB per file; max 5 files,,,,Choose file(s) to upload,documents,,,,,,,FR-DM-002; FR-DM-003; FR-DM-004; FR-DM-006,,
Document Management,Upload,Document Upload,File Selection,doc-upload-type,Document Type,Select,string,Yes,,"income_proof,employment_verification,identity_document,birth_certificate,immunization_records,residency_proof,special_needs_documentation,other",,,Select document type,documents,document_type,documentType,,,,,FR-DM-007; FR-DM-015,,
Document Management,Upload,Document Upload,File Selection,doc-upload-description,Description,TextInput,string,No,,,,,Optional description,documents,,description,,255,,,Optional field for user notes,,
Document Management,Verification,Document Verification,Verification Form,doc-verify-status,Verification Status,Select,string,Yes,,"Verified,Rejected",,,Mark as verified or rejected,documents,verification_status,verificationStatus,,,,,FR-DM-028; FR-DM-029,,
Document Management,Verification,Document Verification,Verification Form,doc-verify-reason,Rejection Reason,Select,string,Yes,required if status = Rejected,"Illegible,Expired,Wrong Document Type,Incomplete,Suspected Forgery,Other",,,doc-verify-status = Rejected,Reason for rejection,documents,,rejectionReason,,,,,FR-DM-030,
Document Management,Verification,Document Verification,Verification Form,doc-verify-notes,Verification Notes,TextArea,string,No,,,,,Additional notes,documents,verification_notes,verificationNotes,,500,,,FR-DM-031,,
Document Management,Replace,Document Replacement,Replacement Upload,doc-replace-file,Replacement File,FileUpload,file,Yes,PDF; JPG; JPEG; PNG only; max 10MB,,,,Upload replacement document,documents,,,,,,,FR-DM-034; FR-DM-035,,
Document Management,Replace,Document Replacement,Replacement Upload,doc-replace-reason,Replacement Reason,TextArea,string,No,,,,,Why are you replacing this document?,documents,,replacementReason,,500,,,FR-DM-034; for audit trail,,
Provider Management,Search,Provider Directory,Search Filters,provider-search-name,Provider Name,TextInput,string,No,partial match supported,,,,Search by name,,,,,,,,FR-PM-002; search filter,,
Provider Management,Search,Provider Directory,Search Filters,provider-search-county,County,Select,string,No,,[County List],All Counties,,Filter by county,,,,,,,,FR-PM-003; search filter,,
Provider Management,Search,Provider Directory,Search Filters,provider-search-type,Provider Type,Select,string,No,,"All Types,Childcare Center,Licensed Home Daycare",All Types,,Filter by type,,,,,,,,FR-PM-004; search filter,,
Provider Management,Search,Provider Directory,Search Filters,provider-search-city,City,TextInput,string,No,,,,,Filter by city,,,,,,,,FR-PM-005; search filter,,
Provider Management,Search,Provider Directory,Search Filters,provider-search-zip,ZIP Code,TextInput,string,No,5 numeric digits,,,,Filter by ZIP,,,,,,,,FR-PM-005; search filter,,
Provider Management,Admin,Add Provider,Provider Information,provider-name,Provider Name,TextInput,string,Yes,,,,,Name of childcare provider,providers,name,name,1,100,,,FR-PM-019,,
Provider Management,Admin,Add Provider,Provider Information,provider-type,Provider Type,Select,string,Yes,,"Childcare Center,Licensed Home Daycare",,,Select provider type,providers,provider_type,providerType,,,,,FR-PM-019,,
Provider Management,Admin,Add Provider,Provider Information,provider-license-number,License Number,TextInput,string,Yes,unique across all providers,,,,State license number,providers,license_number,licenseNumber,1,50,,,FR-PM-019; FR-PM-021,,
Provider Management,Admin,Add Provider,Physical Address,provider-street-address,Street Address,TextInput,string,Yes,,,,,Provider street address,providers,address_street,address.street,1,100,,,FR-PM-019,,
Provider Management,Admin,Add Provider,Physical Address,provider-city,City,TextInput,string,Yes,,,,,City,providers,address_city,address.city,1,50,,,FR-PM-019,,
Provider Management,Admin,Add Provider,Physical Address,provider-state,State,Select,string,Yes,,[State List],,,State,providers,address_state,address.state,,,,,FR-PM-019,,
Provider Management,Admin,Add Provider,Physical Address,provider-zip,ZIP Code,TextInput,string,Yes,5 numeric digits,,,,ZIP Code,providers,address_zip,address.zipCode,5,5,,,FR-PM-019; FR-PM-031,,
Provider Management,Admin,Add Provider,Mailing Address,provider-mailing-same,Same as Physical Address,Checkbox,boolean,No,,,TRUE,,,providers,,mailingAddressSame,,,,,FR-PM-020; if true; copy physical address,,
Provider Management,Admin,Add Provider,Mailing Address,provider-mailing-street,Mailing Street Address,TextInput,string,No,,,,,provider-mailing-same = false,Mailing street address,providers,mailing_street,mailingAddress.street,1,100,,,FR-PM-020,
Provider Management,Admin,Add Provider,Mailing Address,provider-mailing-city,Mailing City,TextInput,string,No,,,,,provider-mailing-same = false,City,providers,mailing_city,mailingAddress.city,1,50,,,FR-PM-020,
Provider Management,Admin,Add Provider,Mailing Address,provider-mailing-state,Mailing State,Select,string,No,,[State List],,,provider-mailing-same = false,State,providers,mailing_state,mailingAddress.state,,,,,FR-PM-020,
Provider Management,Admin,Add Provider,Mailing Address,provider-mailing-zip,Mailing ZIP Code,TextInput,string,No,5 numeric digits,,,,provider-mailing-same = false,ZIP Code,providers,mailing_zip,mailingAddress.zipCode,5,5,,,FR-PM-020,
Provider Management,Admin,Add Provider,Contact Information,provider-phone,Phone Number,TelInput,string,Yes,10 numeric digits,,,,(555) 123-4567,providers,phone,phone,10,10,,,FR-PM-019; FR-PM-029,,
Provider Management,Admin,Add Provider,Contact Information,provider-email,Email Address,EmailInput,string,Yes,valid email format,,,,provider@email.com,providers,email,email,,,,,FR-PM-019; FR-PM-028,,
Provider Management,Admin,Add Provider,Contact Information,provider-website,Website URL,TextInput,string,No,valid URL format,,,,https://www.provider.com,providers,website,website,,,,,FR-PM-020,,
Provider Management,Admin,Add Provider,Capacity & Services,provider-capacity,Licensed Capacity,TextInput,integer,Yes,positive integer,,,,Maximum children,providers,capacity,capacity,,,1,500,FR-PM-019; FR-PM-030,,
Provider Management,Admin,Add Provider,Capacity & Services,provider-age-range-min,Minimum Age Served (Weeks),TextInput,integer,Yes,positive integer,,,,Minimum age in weeks,providers,age_min_weeks,ageRange.minWeeks,,,0,936,FR-PM-019; 936 weeks = 18 years,,
Provider Management,Admin,Add Provider,Capacity & Services,provider-age-range-max,Maximum Age Served (Years),TextInput,integer,Yes,positive integer,,,,Maximum age in years,providers,age_max_years,ageRange.maxYears,,,1,18,FR-PM-019,,
Provider Management,Admin,Add Provider,Operations,provider-operating-hours,Operating Hours,TextArea,string,No,,,,,e.g. Mon-Fri 6:00 AM - 6:00 PM,providers,operating_hours,operatingHours,,500,,,FR-PM-020,,
Provider Management,Admin,Add Provider,Location,provider-latitude,Latitude,TextInput,decimal,No,valid latitude -90 to 90,,,,Latitude coordinate,providers,latitude,coordinates.latitude,,,-90,90,FR-PM-020; for map display,,
Provider Management,Admin,Add Provider,Location,provider-longitude,Longitude,TextInput,decimal,No,valid longitude -180 to 180,,,,Longitude coordinate,providers,longitude,coordinates.longitude,,,-180,180,FR-PM-020; for map display,,
Provider Management,Admin,Add Provider,Status,provider-is-active,Active Status,Checkbox,boolean,No,,,TRUE,,Provider is active and accepting children,providers,is_active,isActive,,,,,FR-PM-023; FR-PM-024,,
Provider Management,Admin,Add Provider,Notes,provider-notes,Administrative Notes,TextArea,string,No,,,,,Internal notes (not visible to parents),providers,notes,notes,,1000,,,FR-PM-020,,
Provider Management,Admin,Provider List,Filters,admin-provider-search,Search by Name/License,TextInput,string,No,,,,,Search providers,,,,,,,,FR-PM-027; admin filter,,
Provider Management,Admin,Provider List,Filters,admin-provider-filter-status,Filter by Status,Select,string,No,,"All,Active,Inactive",All,,Filter by status,,,,,,,,FR-PM-027; admin filter,,
Provider Management,Admin,Provider List,Filters,admin-provider-filter-type,Filter by Type,Select,string,No,,"All Types,Childcare Center,Licensed Home Daycare",All Types,,Filter by type,,,,,,,,FR-PM-027; admin filter,,
Provider Management,Admin,Provider List,Filters,admin-provider-filter-county,Filter by County,Select,string,No,,[County List],All Counties,,Filter by county,,,,,,,,FR-PM-027; admin filter,,
Notification System,Preferences,User Preferences,Notification Settings,notif-pref-channel,Notification Channel,Select,string,Yes,,"Email Only,SMS Only,Both Email and SMS,None",Email Only,,How should we send notifications?,users,,notificationPreference,,,,,FR-NS-031; FR-NS-032,,
Notification System,Preferences,User Preferences,Notification Settings,notif-pref-sms-optin,SMS Opt-In,Checkbox,boolean,No,required for SMS notifications,,FALSE,,I agree to receive SMS notifications,users,,smsOptIn,,,,,FR-NS-022; FR-NS-023,,
Notification System,Preferences,User Preferences,Notification Settings,notif-pref-phone,SMS Phone Number,TelInput,string,Yes,10 numeric digits; required if SMS enabled,,,,notif-pref-channel IN (SMS Only; Both Email and SMS),(555) 123-4567,users,phone,smsPhone,10,10,,,FR-NS-021; conditional on SMS selection,
Notification System,Admin,Notification Templates,Template Selection,template-select-type,Notification Type,Select,string,Yes,,"Application Received,Application Under Review,Information Requested,Application Approved,Application Rejected,Document Rejected,Reminder - 7 Day,Reminder - 12 Day",,,Select template to edit,notification_templates,notification_type,notificationType,,,,,FR-NS-025,,
Notification System,Admin,Notification Templates,Template Selection,template-select-channel,Channel,Select,string,Yes,,"Email,SMS",,,Select channel,notification_templates,channel,channel,,,,,FR-NS-028,,
Notification System,Admin,Notification Templates,Email Template,template-email-subject,Email Subject,TextInput,string,Yes,supports variables: {first_name}; {application_number}; {status},,,,template-select-channel = Email,Email subject line,notification_templates,subject,subject,1,200,,,FR-NS-025; FR-NS-026,
Notification System,Admin,Notification Templates,Email Template,template-email-body,Email Body,TextArea,string,Yes,supports variables: {first_name}; {last_name}; {application_number}; {status}; {date}; {portal_url}; {rejection_reason}; {requested_documents},,,,template-select-channel = Email,Email message body,notification_templates,body,body,1,5000,,,FR-NS-025; FR-NS-026,
Notification System,Admin,Notification Templates,SMS Template,template-sms-body,SMS Message,TextArea,string,Yes,max 160 chars per segment; supports variables,,,,template-select-channel = SMS,SMS message (160 char limit),notification_templates,body,body,1,160,,,FR-NS-019; FR-NS-025; FR-NS-026,
Notification System,Admin,Notification Templates,Preview,template-preview-button,Preview Template,Button,action,No,,,,,Preview with sample data,,,,,,,,FR-NS-030; action button,,
Notification System,Admin,Notification Log,Search Filters,notif-log-filter-date-from,Date From,DatePicker,date,No,,,,,Start date,,,,,,,,FR-NS-038; admin filter,,
Notification System,Admin,Notification Log,Search Filters,notif-log-filter-date-to,Date To,DatePicker,date,No,must be >= from date,,,,,End date,,,,,,,,FR-NS-038; admin filter,
Notification System,Admin,Notification Log,Search Filters,notif-log-filter-type,Notification Type,Select,string,No,,"All,Application Received,Application Under Review,Information Requested,Application Approved,Application Rejected,Document Rejected,Reminder",All,,Filter by type,,,,,,,,FR-NS-038; admin filter,,
Notification System,Admin,Notification Log,Search Filters,notif-log-filter-channel,Channel,Select,string,No,,"All,Email,SMS",All,,Filter by channel,,,,,,,,FR-NS-038; admin filter,,
Notification System,Admin,Notification Log,Search Filters,notif-log-filter-status,Delivery Status,Select,string,No,,"All,Queued,Sent,Delivered,Failed,Bounced",All,,Filter by status,,,,,,,,FR-NS-038; admin filter,,
Notification System,Admin,Notification Log,Search Filters,notif-log-filter-recipient,Recipient Email/Phone,TextInput,string,No,,,,,Search by recipient,,,,,,,,FR-NS-038; admin filter,,
Reporting & Analytics,Dashboard,Executive Dashboard,Date Range,report-dashboard-period,Time Period,Select,string,No,,"Today,This Week,This Month,This Quarter,This Year,Custom",This Month,,Select time period,,,,,,,,FR-RA-001; dashboard filter,,
Reporting & Analytics,Dashboard,Executive Dashboard,Date Range,report-dashboard-date-from,Custom Start Date,DatePicker,date,No,,,,,report-dashboard-period = Custom,Start date,,,,,,,,FR-RA-001; conditional on Custom,
Reporting & Analytics,Dashboard,Executive Dashboard,Date Range,report-dashboard-date-to,Custom End Date,DatePicker,date,No,must be >= from date,,,,report-dashboard-period = Custom,End date,,,,,,,,FR-RA-001; conditional on Custom,
Reporting & Analytics,Reports,Report Filters (Shared),Date Range,report-filter-date-from,Start Date,DatePicker,date,No,,,First day of current month,,Start date,,,,,,,,FR-RA-013; FR-RA-017; shared filter,,
Reporting & Analytics,Reports,Report Filters (Shared),Date Range,report-filter-date-to,End Date,DatePicker,date,No,must be >= from date; max 12 months range,,Current date,,End date,,,,,,,,FR-RA-013; FR-RA-018; FR-RA-019; shared filter,,
Reporting & Analytics,Reports,Report Filters (Shared),Location,report-filter-county,County,Select,string,No,,[County List],All Counties,,Filter by county,,,,,,,,FR-RA-014; shared filter,,
Reporting & Analytics,Reports,Report Filters (Shared),Status,report-filter-status,Application Status,Select,string,No,,"All,Draft,Submitted,Under Review,Information Requested,Pending Approval,Approved,Rejected,Withdrawn",All,,Filter by status,,,,,,,,FR-RA-015; shared filter,,
Reporting & Analytics,Reports,Report 5: Caseworker Productivity,Filters,report-productivity-caseworker,Caseworker,Select,string,No,,[Caseworker List],All,,Filter by caseworker,,,,,,,,FR-RA-010; FR-RA-016,,
Reporting & Analytics,Reports,Report 5: Caseworker Productivity,Filters,report-productivity-supervisor,Supervisor,Select,string,No,,[Supervisor List],All,,Filter by supervisor,,,,,,,,FR-RA-010; FR-RA-016,,
Reporting & Analytics,Reports,Report Export,Export Options,report-export-format,Export Format,Select,string,Yes,,CSV,CSV,,Select export format,,,,,,,,FR-RA-025; only CSV in MVP,,
Reporting & Analytics,Reports,Report Export,Export Options,report-export-button,Export Data,Button,action,No,,,,,Download report,,,,,,,,FR-RA-025; FR-RA-029; action button,,
System Administration,Configuration,Eligibility Rules,Income Threshold,config-fpl-percentage,FPL Percentage Threshold,TextInput,integer,Yes,range 100-400,,,200,Percentage of Federal Poverty Level,system_config,fpl_percentage,eligibility.fplPercentage,,,100,400,FR-SA-001,,
System Administration,Configuration,Eligibility Rules,Income Threshold,config-fpl-1,FPL - 1 Person Household,TextInput,decimal,Yes,currency format,,,,Monthly FPL for 1 person,system_config,,eligibility.fplBySize.1,,,0,,FR-SA-002,,
System Administration,Configuration,Eligibility Rules,Income Threshold,config-fpl-2,FPL - 2 Person Household,TextInput,decimal,Yes,currency format,,,,Monthly FPL for 2 persons,system_config,,eligibility.fplBySize.2,,,0,,FR-SA-002,,
System Administration,Configuration,Eligibility Rules,Income Threshold,config-fpl-3,FPL - 3 Person Household,TextInput,decimal,Yes,currency format,,,,Monthly FPL for 3 persons,system_config,,eligibility.fplBySize.3,,,0,,FR-SA-002,,
System Administration,Configuration,Eligibility Rules,Income Threshold,config-fpl-4,FPL - 4 Person Household,TextInput,decimal,Yes,currency format,,,,Monthly FPL for 4 persons,system_config,,eligibility.fplBySize.4,,,0,,FR-SA-002,,
System Administration,Configuration,Eligibility Rules,Income Threshold,config-fpl-5,FPL - 5 Person Household,TextInput,decimal,Yes,currency format,,,,Monthly FPL for 5 persons,system_config,,eligibility.fplBySize.5,,,0,,FR-SA-002,,
System Administration,Configuration,Eligibility Rules,Income Threshold,config-fpl-6,FPL - 6 Person Household,TextInput,decimal,Yes,currency format,,,,Monthly FPL for 6 persons,system_config,,eligibility.fplBySize.6,,,0,,FR-SA-002,,
System Administration,Configuration,Eligibility Rules,Income Threshold,config-fpl-7,FPL - 7 Person Household,TextInput,decimal,Yes,currency format,,,,Monthly FPL for 7 persons,system_config,,eligibility.fplBySize.7,,,0,,FR-SA-002,,
System Administration,Configuration,Eligibility Rules,Income Threshold,config-fpl-8,FPL - 8 Person Household,TextInput,decimal,Yes,currency format,,,,Monthly FPL for 8 persons,system_config,,eligibility.fplBySize.8,,,0,,FR-SA-002,,
System Administration,Configuration,Eligibility Rules,Income Threshold,config-fpl-additional,FPL - Each Additional Person,TextInput,decimal,Yes,currency format,,,,Add this amount per person above 8,system_config,,eligibility.fplBySize.additional,,,0,,FR-SA-002; for households 9-20,,
System Administration,Configuration,Eligibility Rules,Employment,config-min-work-hours,Minimum Work Hours/Week,TextInput,integer,Yes,range 1-40,,,20,Minimum hours per week required,system_config,min_work_hours,eligibility.minWorkHours,,,1,40,FR-SA-003,,
System Administration,Configuration,Eligibility Rules,Child Age,config-child-age-max,Maximum Child Age (Standard),TextInput,integer,Yes,range 1-18,,,13,Maximum age for standard eligibility,system_config,child_age_max,eligibility.childAgeMax,,,1,18,FR-SA-004,,
System Administration,Configuration,Eligibility Rules,Child Age,config-child-age-max-special,Maximum Child Age (Special Needs),TextInput,integer,Yes,range 1-21,,,18,Maximum age for special needs children,system_config,child_age_max_special,eligibility.childAgeMaxSpecial,,,1,21,FR-SA-004,,
System Administration,Reference Data,Counties,County Form,ref-county-name,County Name,TextInput,string,Yes,,,,,County name,ref_counties,name,name,1,100,,,FR-SA-009; FR-SA-010,,
System Administration,Reference Data,Counties,County Form,ref-county-code,County Code,TextInput,string,Yes,unique,,,,County code,ref_counties,code,code,1,10,,,FR-SA-009; FR-SA-010,,
System Administration,Reference Data,Counties,County Form,ref-county-active,Active,Checkbox,boolean,No,,,TRUE,,County is active,ref_counties,is_active,isActive,,,,,FR-SA-010,,
System Administration,Reference Data,Rejection Reasons,Reason Form,ref-rejection-code,Reason Code,TextInput,string,Yes,unique; uppercase; underscores,,,,e.g. INCOME_OVER_LIMIT,ref_rejection_reasons,code,code,1,50,,,FR-SA-011; FR-SA-012,,
System Administration,Reference Data,Rejection Reasons,Reason Form,ref-rejection-label,Display Label,TextInput,string,Yes,,,,,User-facing label,ref_rejection_reasons,label,label,1,100,,,FR-SA-011; FR-SA-012,,
System Administration,Reference Data,Rejection Reasons,Reason Form,ref-rejection-description,Description,TextArea,string,No,,,,,Detailed explanation,ref_rejection_reasons,description,description,,500,,,FR-SA-011; FR-SA-012,,
System Administration,Reference Data,Rejection Reasons,Reason Form,ref-rejection-active,Active,Checkbox,boolean,No,,,TRUE,,Reason is active,ref_rejection_reasons,is_active,isActive,,,,,FR-SA-012,,
System Administration,Reference Data,Document Types,Document Type Form,ref-doctype-code,Type Code,TextInput,string,Yes,unique; lowercase; underscores,,,,e.g. income_proof,ref_document_types,code,code,1,50,,,FR-SA-013,,
System Administration,Reference Data,Document Types,Document Type Form,ref-doctype-label,Display Label,TextInput,string,Yes,,,,,User-facing label,ref_document_types,label,label,1,100,,,FR-SA-013,,
System Administration,Reference Data,Document Types,Document Type Form,ref-doctype-required,Required by Default,Checkbox,boolean,No,,,FALSE,,Document is required for all applications,ref_document_types,is_required,isRequired,,,,,FR-SA-014,,
System Administration,Reference Data,Document Types,Document Type Form,ref-doctype-active,Active,Checkbox,boolean,No,,,TRUE,,Type is active,ref_document_types,is_active,isActive,,,,,FR-SA-013,,
System Administration,Settings,System Settings,Session Management,config-session-timeout,Session Timeout (Minutes),TextInput,integer,Yes,range 5-120,,,30,Idle timeout in minutes,system_config,session_timeout,security.sessionTimeout,,,5,120,FR-SA-021,,
System Administration,Settings,System Settings,Session Management,config-session-max,Maximum Session Duration (Hours),TextInput,integer,Yes,range 1-24,,,8,Maximum session length in hours,system_config,session_max_duration,security.sessionMaxDuration,,,1,24,FR-SA-022,,
System Administration,Settings,System Settings,Account Security,config-lockout-threshold,Lockout Threshold (Attempts),TextInput,integer,Yes,range 3-10,,,5,Failed attempts before lockout,system_config,lockout_threshold,security.lockoutThreshold,,,3,10,FR-SA-023,,
System Administration,Settings,System Settings,Account Security,config-lockout-duration,Lockout Duration (Minutes),TextInput,integer,Yes,range 5-1440,,,30,Account lockout duration in minutes,system_config,lockout_duration,security.lockoutDuration,,,5,1440,FR-SA-024,,
System Administration,Settings,System Settings,Application Settings,config-draft-retention,Draft Retention (Days),TextInput,integer,Yes,range 30-365,,,90,Days to retain draft applications,system_config,draft_retention,application.draftRetention,,,30,365,FR-SA-025,,
System Administration,Settings,System Settings,Notifications,config-sender-email,Sender Email Address,EmailInput,string,Yes,valid email format,,,,noreply@state.gov,system_config,sender_email,notifications.senderEmail,,,,,FR-SA-026,,
System Administration,Settings,System Settings,Notifications,config-sender-name,Sender Display Name,TextInput,string,Yes,,,,,State Childcare Program,system_config,sender_name,notifications.senderName,1,100,,,FR-SA-026,,
System Administration,Settings,System Settings,Portal,config-portal-url,Portal URL,TextInput,string,Yes,valid URL format,,,,https://scms.state.gov,system_config,portal_url,portal.url,,,,,FR-SA-027,,
System Administration,Audit Log,Audit Log Search,Filters,audit-filter-date-from,Date From,DatePicker,date,No,,,,,Start date,,,,,,,,FR-SA-032,,
System Administration,Audit Log,Audit Log Search,Filters,audit-filter-date-to,Date To,DatePicker,date,No,must be >= from date,,,,,End date,,,,,,,,FR-SA-032,
System Administration,Audit Log,Audit Log Search,Filters,audit-filter-user,User,Select,string,No,,[User List],All,,Filter by user,,,,,,,,FR-SA-033,,
System Administration,Audit Log,Audit Log Search,Filters,audit-filter-action,Action Type,Select,string,No,,"All,Login,Logout,Create,Update,Delete,View,Export",All,,Filter by action,,,,,,,,FR-SA-034,,
System Administration,Audit Log,Audit Log Search,Filters,audit-filter-resource,Resource Type,Select,string,No,,"All,Application,Document,User,Provider,Configuration",All,,Filter by resource,,,,,,,,FR-SA-035,,
System Administration,Audit Log,Audit Log Search,Export,audit-export-button,Export to CSV,Button,action,No,,,,,Export search results,,,,,,,,FR-SA-039; action button,,
System Administration,Feature Flags,Feature Flags,Flags,flag-sms-notifications,SMS Notifications Enabled,Checkbox,boolean,No,,,TRUE,,Enable SMS notifications system-wide,system_config,,featureFlags.smsNotificationsEnabled,,,,,FR-SA-050; FR-SA-051,,
System Administration,Feature Flags,Feature Flags,Flags,flag-draft-autosave,Draft Auto-Save Enabled,Checkbox,boolean,No,,,TRUE,,Enable automatic saving of draft applications,system_config,,featureFlags.draftAutoSaveEnabled,,,,,FR-SA-050; FR-SA-051,,
System Administration,Feature Flags,Feature Flags,Flags,flag-provider-map,Provider Map Enabled,Checkbox,boolean,No,,,TRUE,,Enable map display in provider search,system_config,,featureFlags.providerMapEnabled,,,,,FR-SA-050; FR-SA-051,,
System Administration,Announcements,Announcement Banners,Banner Form,banner-text,Banner Text,TextArea,string,Yes,,,,,Announcement message,announcement_banners,text,text,1,500,,,FR-SA-054; FR-SA-055,,
System Administration,Announcements,Announcement Banners,Banner Form,banner-type,Banner Type,Select,string,Yes,,"info,warning,critical",info,,Select banner style,announcement_banners,type,type,,,,,FR-SA-055,,
System Administration,Announcements,Announcement Banners,Banner Form,banner-start-date,Start Date,DatePicker,date,Yes,,,,,When to show banner,announcement_banners,start_date,startDate,,,,,FR-SA-055,,
System Administration,Announcements,Announcement Banners,Banner Form,banner-end-date,End Date,DatePicker,date,Yes,must be >= start date,,,,,When to hide banner,announcement_banners,end_date,endDate,,,,,FR-SA-055; FR-SA-057,
System Administration,Announcements,Announcement Banners,Banner Form,banner-is-active,Active,Checkbox,boolean,No,,,TRUE,,Banner is active,announcement_banners,is_active,isActive,,,,,FR-SA-058,,
